<?xml version="1.0" encoding="UTF-8"?>
<project-private xmlns="http://www.netbeans.org/ns/project-private/1">
    <editor-bookmarks xmlns="http://www.netbeans.org/ns/editor-bookmarks/2" lastBookmarkId="0"/>
    <open-files xmlns="http://www.netbeans.org/ns/projectui-open-files/2">
        <group>
            <file>file:/D:/Group%20Project/DoctorAppointment/src/java/com/pro/Model/Appointment.java</file>
            <file>file:/D:/Group%20Project/DoctorAppointment/src/java/com/pro/Model/User.java</file>
            <file>file:/D:/Group%20Project/DoctorAppointment/src/java/com/pro/Model/Patient.java</file>
            <file>file:/D:/Group%20Project/DoctorAppointment/src/java/com/pro/dao/TestConnect.java</file>
            <file>file:/D:/Group%20Project/DoctorAppointment/src/java/com/pro/Model/doctor.java</file>
            <file>file:/D:/Group%20Project/DoctorAppointment/src/java/com/pro/dao/daoImpl.java</file>
            <file>file:/D:/Group%20Project/DoctorAppointment/src/java/com/pro/dao/DBconnection.java</file>
            <file>file:/D:/Group%20Project/DoctorAppointment/src/java/com/pro/dao/UserDAO.java</file>
        </group>
    </open-files>
</project-private>
